ID,Original,Firma,Zusatz,Straße,PLZ,Stadt,Land
18742,"NTTCable Europe SA
Op Tomm 5-7
L-5485 Wormeldange - Haut",NTTCable Europe SA,,Op Tomm 5-7,5485,Wormeldange - Haut,LU
18529,"S-Markt & Mehrwert GmbH & Co. KG
Grenzstraße 21
06112 Halle / Saale",S-Markt & Mehrwert GmbH & Co. KG,,Grenzstraße 21,6112,Halle / Saale,DE
18551,"ANEXIA® Internetdienstleistungs GmbH
Feldkirchner Straße 140
A - 9020 Klagenfurt am Wörthersee",ANEXIA® Internetdienstleistungs GmbH,,Feldkirchner Straße 140,9020,Klagenfurt am Wörthersee,AT
17055,"medneo GmbH
Hausvogteiplatz 12
10117 Berlin",medneo GmbH,,Hausvogteiplatz 12,10117,Berlin,DE
18677,"medneo GmbH
Hausvogteiplatz 12
10117 Berlin",medneo GmbH,,Hausvogteiplatz 12,10117,Berlin,DE
18023,"Go-Ahead Baden-Württemberg GmbH
c/o Go-Ahead Verkehrsgesellschaft D. GmbH
-Buchhaltung- 
Zehdenicker Strasse 1
10119 Berlin
",Go-Ahead Baden-Württemberg GmbH,"c/o Go-Ahead Verkehrsgesellschaft D. GmbH
-Buchhaltung-",Zehdenicker Strasse 1,10119,Berlin,DE
17225,"ES EnviroSustain GmbH
z.Hd. Frau Dr. Memminger-Rieve
Neue Grünstraße 17/18 (Mindyard) 
Hof 1, Treppenhaus 3
10179 Berlin",ES EnviroSustain GmbH,"z.Hd. Frau Dr. Memminger-Rieve
Neue Grünstraße 17/18 (Mindyard)",Hof 1 Treppenhaus 3,10179,Berlin,DE
16966,"MEDIADESIGN HOCHSCHULE FÜR DESIGN UND INFORMATIK GMBH
Franklinstraße 28-29
10587 Berlin",MEDIADESIGN HOCHSCHULE FÜR DESIGN UND INFORMATIK GMBH,,Franklinstraße 28-29,10587,Berlin,DE
17331,"4flow AG
Hallerstrasse 1
10587 Berlin",4flow AG,,Hallerstrasse 1,10587,Berlin,DE
18246,"Capgemini Deutschland Holding GmbH
Purchase Order No.: 2001544333
Potsdamer Platz 5
10785 Berlin",Capgemini Deutschland Holding GmbH,Purchase Order No.: 2001544333,Potsdamer Platz 5,10785,Berlin,DE
17067,"RISE FX GmbH
Schlesische Strasse 28
10997 Berlin",RISE FX GmbH,,Schlesische Strasse 28,10997,Berlin,DE
18754,"Campus, Networks & Events GmbH
Am Studio 2a
12489 Berlin","Campus, Networks & Events GmbH",,Am Studio 2a,12489,Berlin,DE
18764,"M1 Med Beauty Berlin GmbH
Grünauer Straße 5
12557 Berlin",M1 Med Beauty Berlin GmbH,,Grünauer Straße 5,12557,Berlin,DE
18406,"MTS Systems (Germany) GmbH
Hohentwielsteig 3
14163 Berlin",MTS Systems (Germany) GmbH,,Hohentwielsteig 3,14163,Berlin,DE
16924,"Günther Holding SE
Steinhöft 11
20459 Hamburg",Günther Holding SE,,Steinhöft 11,20459,Hamburg,DE
17374,"IP Dynamics GmbH
Buchhaltung
Billstr. 103
20539 Hamburg",IP Dynamics GmbH,Buchhaltung,Billstr. 103,20539,Hamburg,DE
17113,"ROQQIO GmbH
Harburger Schloßstr. 28
21079 Hamburg",ROQQIO GmbH,,Harburger Schloßstr. 28,21079,Hamburg,DE
18472,"svt Holding GmbH
Glüsinger Straße 86
21217 Seevetal",svt Holding GmbH,,Glüsinger Straße 86,21217,Seevetal,DE
17936,"BEP EUROPE GMBH
Magdeburger Straße 9A
30880 Laatzen",BEP EUROPE GMBH,,Magdeburger Straße 9A,30880,Laatzen,DE
16856,"Maritim Hotelgesellschaft mbH
Abteilung Telekommunikation
Herforder Straße 2
32105 Bad Salzuflen",Maritim Hotelgesellschaft mbH,Abteilung Telekommunikation,Herforder Straße 2,32105,Bad Salzuflen,DE
17360,"WAGO Kontakttechnik GmbH & Co. KG
Hansastr. 27
32423 Minden",WAGO Kontakttechnik GmbH & Co. KG,,Hansastr. 27,32423,Minden,DE
18314,"ERIKS Deutschland GmbH
Kreisheide 7
33790 Halle (Westf.)",ERIKS Deutschland GmbH,,Kreisheide 7,33790,Halle (Westf.),DE
17244,"RSE Planungsgesellschaft mbH
Heinrich-Hertz-Straße 1
34123 Kassel",RSE Planungsgesellschaft mbH,,Heinrich-Hertz-Straße 1,34123,Kassel,DE
18576,"Riedel Networks GmbH & Co. KG
Schlossstraße 10
35510 Butzbach",Riedel Networks GmbH & Co. KG,,Schlossstraße 10,35510,Butzbach,DE
17174,"TELCAT MULTICOM GmbH
Sudetenstraße 10
38239 Salzgitter
",TELCAT MULTICOM GmbH,,Sudetenstraße 10,38239,Salzgitter,DE
16732,"Smart Eyes International AB
c/o Kieffer, Stübben & Partner
Rather Str. 110A
40473 Düsseldorf",Smart Eyes International AB,"c/o Kieffer, Stübben & Partner",Rather Str. 110A,40473,Düsseldorf,DE
17128,"Vodafone GmbH
Abt. FOGI
Ferdinand-Braun-Platz 1
40549 Düsseldorf",Vodafone GmbH,Abt. FOGI,Ferdinand-Braun-Platz 1,40549,Düsseldorf,DE
17330,"ecotel communication ag
Prinzenallee 11
40549 Düsseldorf",ecotel communication ag,,Prinzenallee 11,40549,Düsseldorf,DE
17820,"MHP Hotel an der Alster GmbH
Le Meridien Hamburg
An der Alster 52; 20099 Hamburg 
c/o PROGROS-ID # 259294
42645 Solingen",MHP Hotel an der Alster GmbH,"Le Meridien Hamburg
An der Alster 52; 20099 Hamburg",c/o PROGROS-ID # 259294,42645,Solingen,DE
18236,"rrbone GmbH
Ruhralee 9
44139 Dortmund",rrbone GmbH,,Ruhralee 9,44139,Dortmund,DE
16911,"COMCAVE.COLLEGE GmbH
Technologiepark, Hauert 1
44227 Dortmund",COMCAVE.COLLEGE GmbH,,"Technologiepark, Hauert 1",44227,Dortmund,DE
17502,"Park Inn by Radisson Stuttgart GmbH
Am Silberpalais 1
47057 Duisburg",Park Inn by Radisson Stuttgart GmbH,,Am Silberpalais 1,47057,Duisburg,DE
18713,"GasLINE GmbH & Co. KG
Paesmühlenweg 10-12
47638 Straelen",GasLINE GmbH & Co. KG,,Paesmühlenweg 10-12,47638,Straelen,DE
17172,"Porr GmbH & Co. KGaA
Zentraler Rechnungseingang
Postfach 6369
48022 Münster",Porr GmbH & Co. KGaA,Zentraler Rechnungseingang,Postfach 6369,48022,Münster,DE
17298,"epcan GmbH
Stadtlohner Straße 6
48691 Vreden",epcan GmbH,,Stadtlohner Straße 6,48691,Vreden,DE
17319,"ZWP Ingenieur-AG
An der Münze 12-18
50668 Köln",ZWP Ingenieur-AG,,An der Münze 12-18,50668,Köln,DE
18573,"Plusnet Infrastruktur GmbH & Co.KG
Matthias-Brüggen-Straße 55
50829 Köln",Plusnet Infrastruktur GmbH & Co.KG,,Matthias-Brüggen-Straße 55,50829,Köln,DE
17418,"Anton Gerl GmbH
Industriestr. 131 a                                                          
50996 Köln",Anton Gerl GmbH,,Industriestr. 131 a                                                          ,50996,Köln,DE
16329,"BGS Beta-Gamma-Service GmbH & Co. KG
Fritz-Kotz-Str. 16
51674 Wiehl",BGS Beta-Gamma-Service GmbH & Co. KG,,Fritz-Kotz-Str. 16,51674,Wiehl,DE
107,"Bundesversicherungsamt
Referat 714 - IT-Beschaffung
Friedrich-Ebert-Allee 38
53113 Bonn
",Bundesversicherungsamt,Referat 714 - IT-Beschaffung,Friedrich-Ebert-Allee 38,53113,Bonn,DE
17515,"T-Systems Information Services GmbH, PG 9973
Pascalstr. 11, Berlin
c/o DTSE Procure to Pay
53838 Bonn",T-Systems Information Services GmbH,"PG 9973 Pascalstr. 11, Berlin",c/o DTSE Procure to Pay,53838,Bonn,DE
15991,"MVB GmbH
Braubachstraße 16
60311 Frankfurt am Main",MVB GmbH,,Braubachstraße 16,60311,Frankfurt am Main,DE
16628,"MVB GmbH
Braubachstraße 16
60311 Frankfurt am Main",MVB GmbH,,Braubachstraße 16,60311,Frankfurt am Main,DE
18325,"BearingPoint GmbH
Herrn Rainer Wagner
Speicherstasse 1
60327 Frankfurt
",BearingPoint GmbH,Herrn Rainer Wagner,Speicherstasse 1,60327,Frankfurt am Main,DE
16648,"INTERNET AG Global Network
Wiesenhüttenplatz 26
60329 Frankfurt am Main",INTERNET AG Global Network,,Wiesenhüttenplatz 26,60329,Frankfurt am Main,DE
18012,"Kassenärztliche Vereinigung Hessen
Europa-Allee 90
60486 Frankfurt",Kassenärztliche Vereinigung Hessen,,Europa-Allee 90,60486,Frankfurt am Main,DE
18273,"Kassenärztliche Vereinigung Hessen
Europa-Allee 90
60486 Frankfurt",Kassenärztliche Vereinigung Hessen,,Europa-Allee 90,60486,Frankfurt am Main,DE
18409,"Deutsche Familien Treuhand GmbH
Ferdinandstrasse 3
D-61348 Bad Homburg vor der Höhe",Deutsche Familien Treuhand GmbH,,Ferdinandstrasse 3,61348,Bad Homburg vor der Höhe,DE
16426,"Engineering System International GmbH
Siemensstrasse 12B
63263 Neu-Isenburg",Engineering System International GmbH,,Siemensstrasse 12B,63263,Neu-Isenburg,DE
16767,"ixes AG
Am Siebenstein 5
63303 Dreieich-Buchschlag",ixes AG,,Am Siebenstein 5,63303,Dreieich-Buchschlag,DE
17205,"Keen Point Europe GmbH
Mina-Rees-Str. 5a
64295 Darmstadt",Keen Point Europe GmbH,,Mina-Rees-Str. 5a,64295,Darmstadt,DE
18572,"VISTEC Internet Service GmbH
Hagenauer Straße 42
65203 Wiesbaden",VISTEC Internet Service GmbH,,Hagenauer Straße 42,65203,Wiesbaden,DE
17904,"German Edge Cloud GmbH & Co. KG
Düsseldorfer Straße 40a
65760 Eschborn",German Edge Cloud GmbH & Co. KG,,Düsseldorfer Straße 40a,65760,Eschborn,DE
16751,"Autohaus Oster GmbH & CO KG
An der Fohlenweide 17
67112 Mutterstadt",Autohaus Oster GmbH & CO KG,,An der Fohlenweide 17,67112,Mutterstadt,DE
17947,"STRABAG BRVZ GmbH & Co KG
RC-KST-DE-999-SCCO
Auftrag: IFORU DE / Rechnungen
69966 Mannheim
",STRABAG BRVZ GmbH & Co KG,RC-KST-DE-999-SCCO,Auftrag: IFORU DE / Rechnungen,69966,Mannheim,DE
16952,"Wesser GmbH
Königstraße 30
70173 Stuttgart",Wesser GmbH,,Königstraße 30,70173,Stuttgart,DE
17246,"BRP Renaud und Partner mbB Rechtsanwälte Patentanwälte Steuerberater
Königstraße 28
- Königsbau -
70173 Stuttgart",BRP Renaud und Partner mbB Rechtsanwälte Patentanwälte Steuerberater,,Königstraße 28,70173,Stuttgart,DE
17334,"avono AG
Breite Straße 2
70173 Stuttgart",avono AG,,Breite Straße 2,70173,Stuttgart,DE
17391,"Bündnis 90 / Die Grünen Baden-Württemberg Landesverband
Königstraße 78
70173 Stuttgart",Bündnis 90 / Die Grünen Baden-Württemberg Landesverband,,Königstraße 78,70173,Stuttgart,DE
17400,"Heilmann Software - Gesellschaft für Informationstechnologie mbH
Königstraße 31
70173 Stuttgart",Heilmann Software - Gesellschaft für Informationstechnologie mbH,,Königstraße 31,70173,Stuttgart,DE
17433,"KOEHLER GROUP Holding GmbH
Marktplatz 5
70173 Stuttgart
",KOEHLER GROUP Holding GmbH,,Marktplatz 5,70173,Stuttgart,DE
17512,"MHP Hotel an der Oper GmbH 
Le Meridien Stuttgart
Willy-Brandt-Strasse 30
70173 Stuttgart",MHP Hotel an der Oper GmbH ,Le Meridien Stuttgart,Willy-Brandt-Strasse 30,70173,Stuttgart,DE
17805,"Schlossgarten Hotelgesellschaft mbH
Schillerstraße 23
70173 Stuttgart
",Schlossgarten Hotelgesellschaft mbH,,Schillerstraße 23,70173,Stuttgart,DE
17806,"ARGE Ingenieurbau Wolframstraße
Athener Str. 15 / 1
70173 Stuttgart
",ARGE Ingenieurbau Wolframstraße,,Athener Str. 15 / 1,70173,Stuttgart,DE
17809,"Z.O.N. - Zentrum für Orthopädie und
Neurochirurgie Stuttgart GmbH
Kleiner Schloßplatz 13
70173 Stuttgart",Z.O.N. - Zentrum für Orthopädie und Neurochirurgie Stuttgart GmbH,,Kleiner Schloßplatz 13,70173,Stuttgart,DE
18020,"Piëch Holding GmbH
Königstraße 19A
70173 Stuttgart",Piëch Holding GmbH,,Königstraße 19A,70173,Stuttgart,DE
18034,"Argon GmbH
Königstraße 19A
70173 Stuttgart",Argon GmbH,,Königstraße 19A,70173,Stuttgart,DE
18052,"Radio L12 GmbH & Co KG
Königstraße 2
70173 Stuttgart",Radio L12 GmbH & Co KG,,Königstraße 2,70173,Stuttgart,DE
18231,"Globalways GmbH
Neue Brücke 8
70173 Stuttgart",Globalways GmbH,,Neue Brücke 8,70173,Stuttgart,DE
18427,"Prof. Dr. Thomas Lang & Dr. Stephanie Soergel
Bolzstraße 7
70173 Stuttgart",Prof. Dr. Thomas Lang & Dr. Stephanie Soergel,,Bolzstraße 7,70173,Stuttgart,DE
18504,"Haus der Geschichte Baden-Württemberg
Konrad-Adenauer-Straße 16
70173 Stuttgart",Haus der Geschichte Baden-Württemberg,,Konrad-Adenauer-Straße 16,70173,Stuttgart,DE
18521,"Städtetag Baden-Württemberg e.V.
Königstraße 2
70173 Stuttgart",Städtetag Baden-Württemberg e.V.,,Königstraße 2,70173,Stuttgart,DE
18582,"GRAF KANITZ, SCHÜPPEN & PARTNER Rechtsanwälte, Wirtschaftsprüfer und Steuerberater
Pariser Platz 7
70173 Stuttgart","GRAF KANITZ, SCHÜPPEN & PARTNER Rechtsanwälte, Wirtschaftsprüfer und Steuerberater",,Pariser Platz 7,70173,Stuttgart,DE
18702,"effisma.group GmbH & Co. KG
Forststraße 7
70173 Stuttgart",effisma.group GmbH & Co. KG,,Forststraße 7,70173,Stuttgart,DE
18708,"EmiLu Hotel GmbH
allinvos ID #268150
Nadlerstraße 4
70173 Stuttgart",EmiLu Hotel GmbH,allinvos ID #268150,Nadlerstraße 4,70173,Stuttgart,DE
16343,"yourdata GmbH
Büchsenstraße 28
70174 Stuttgart",yourdata GmbH,,Büchsenstraße 28,70174,Stuttgart,DE
16706,"wulf architekten gmbh
Breitscheidstraße 8
70174 Stuttgart",wulf architekten gmbh,,Breitscheidstraße 8,70174,Stuttgart,DE
17084,"LIGANOVA GMBH
/_Administration
Herdweg 59
70174 Stuttgart",LIGANOVA GMBH,/_Administration,Herdweg 59,70174,Stuttgart,DE
17114,"DGM Kommunikation GmbH
Forststr. 9
70174 Stuttgart",DGM Kommunikation GmbH,,Forststr. 9,70174,Stuttgart,DE
17145,"SBE GmbH
Theodor-Heuss-Str. 8
70174 Stuttgart",SBE GmbH,,Theodor-Heuss-Str. 8,70174,Stuttgart,DE
17496,"Motor Presse Stuttgart GmbH & Co. KG
Peter Unger
Leuschnerstraße  1
70174 Stuttgart",Motor Presse Stuttgart GmbH & Co. KG,Peter Unger,Leuschnerstraße  1,70174,Stuttgart,DE
18024,"port-neo Group GmbH
Relenbergstraße 80
70174 Stuttgart",port-neo Group GmbH,,Relenbergstraße 80,70174,Stuttgart,DE
18394,"Platingroup GmbH
Theodor-Heuss-Str. 8
70174 Stuttgart",Platingroup GmbH,,Theodor-Heuss-Str. 8,70174,Stuttgart,DE
18502,"netzwerk P GmbH
Forststraße 7
70174 Stuttgart",netzwerk P GmbH,,Forststraße 7,70174,Stuttgart,DE
18759,"Heine + Jud
Ing.-Büro f. Umweltakustik
Forststraße 9
70174 Stuttgart",Heine + Jud Ing.-Büro f. Umweltakustik,,Forststraße 9,70174,Stuttgart,DE
16998,"Ratbacher Management GmbH
z. Hd. Michael Krämer
Schloßstraße 70
70176 Stuttgart",Ratbacher Management GmbH,z. Hd. Michael Krämer,Schloßstraße 70,70176,Stuttgart,DE
17166,"amplify design GmbH
Schlossstrasse 70
70176 Stuttgart",amplify design GmbH,,Schlossstrasse 70,70176,Stuttgart,DE
17226,"Staatsanzeiger für Baden-Württemberg GmbH & Co. KG
Breitscheidstraße 69
70176 Stuttgart",Staatsanzeiger für Baden-Württemberg GmbH & Co. KG,,Breitscheidstraße 69,70176,Stuttgart,DE
18460,"RECARO Gaming GmbH & Co. KG
Schloßstraße 70
70176 Stuttgart",RECARO Gaming GmbH & Co. KG,,Schloßstraße 70,70176,Stuttgart,DE
16758,"Almato AG
Reinsburgstraße 27
70178 Stuttgart
",Almato AG,,Reinsburgstraße 27,70178,Stuttgart,DE
16791,"Dr. Josef Raabe Verlags-GmbH
Heike Dittrich
h.dittrich@raabe.de
Rotebühlstraße 77
70178 Stuttgart",Dr. Josef Raabe Verlags-GmbH,Heike Dittrich,Rotebühlstraße 77,70178,Stuttgart,DE
16862,"RegioHelden GmbH
Rotebühlstrasse 50
70178 Stuttgart",RegioHelden GmbH,,Rotebühlstrasse 50,70178,Stuttgart,DE
16960,"unexpected GmbH
Rotebühlstr. 87
70178 Stuttgart",unexpected GmbH,,Rotebühlstr. 87,70178,Stuttgart,DE
17103,"AX Semantics GmbH
Marienstr. 23
70178 Stuttgart",AX Semantics GmbH,,Marienstr. 23,70178,Stuttgart,DE
17361,"Notare Kuhn Jauch Göser
Buchhaltung
Tübinger Straße 26
70178 Stuttgart",Notare Kuhn Jauch Göser,Buchhaltung,Tübinger Straße 26,70178,Stuttgart,DE
17365,"Verdure Medienteam GmbH
Marienstraße 23
70178 Stuttgart",Verdure Medienteam GmbH,,Marienstraße 23,70178,Stuttgart,DE
17386,"Certeo Business Equipment GmbH
Buchhaltung 
Rotebühlstrasse 81
70178 Stuttgart",Certeo Business Equipment GmbH,Buchhaltung,Rotebühlstrasse 81,70178,Stuttgart,DE
17811,"SeibertLink Rechtsanwälte GbR
Rotebühlplatz 19
70178 Stuttgart",SeibertLink Rechtsanwälte GbR,,Rotebühlplatz 19,70178,Stuttgart,DE
18234,"tcworld GmbH
Rotebühlstraße 64
70178 Stuttgart",tcworld GmbH,,Rotebühlstraße 64,70178,Stuttgart,DE
18235,"DREI ARCHITEKTEN Konsek Streule Vogel Partnerschaft mbB
Rotebühlstrasse 87
70178 Stuttgart",DREI ARCHITEKTEN Konsek Streule Vogel Partnerschaft mbB,,Rotebühlstrasse 87,70178,Stuttgart,DE
18349,"drtv.agency GmbH
Marienstraße 23
70178 Stuttgart",drtv.agency GmbH,,Marienstraße 23,70178,Stuttgart,DE
18569,"Gemeinschaftspraxis für Frauenheilkunde
Rotebühlplatz 19
70178 Stuttgart",Gemeinschaftspraxis für Frauenheilkunde,,Rotebühlplatz 19,70178,Stuttgart,DE
18626,"Da Vinci Engineering GmbH
Hauptstätter Straße 149
70178 Stuttgart",Da Vinci Engineering GmbH,,Hauptstätter Straße 149,70178,Stuttgart,DE
18634,"Elo Digital Office GmbH
Tübinger Str. 43
70178 Stuttgart",Elo Digital Office GmbH,,Tübinger Str. 43,70178,Stuttgart,DE
18348,"ASH GmbH
Altenbergstraße 71 C
70180 Stuttgart",ASH GmbH,,Altenbergstraße 71 C,70180,Stuttgart,DE
16942,"JO CARLE ARCHITEKTEN PartGmbB
Heusteigstr. 15
70182 Stuttgart",JO CARLE ARCHITEKTEN PartGmbB,,Heusteigstr. 15,70182,Stuttgart,DE
17089,"Amedick & Sommer GmbH
Charlottenstr. 29/31
70182 Stuttgart",Amedick & Sommer GmbH,,Charlottenstr. 29/31,70182,Stuttgart,DE
17175,"LDE BELZNER HOLMES GbR.
Charlottenstraße 29-31
70182 Stuttgart",LDE BELZNER HOLMES GbR.,,Charlottenstraße 29-31,70182,Stuttgart,DE
16879,"KLEINER Rechtsanwälte Partnerschaftsgesellschaft
Alexanderstraße 3
70184 Stuttgart",KLEINER Rechtsanwälte Partnerschaftsgesellschaft,,Alexanderstraße 3,70184,Stuttgart,DE
17036,"BIOPRO Baden-Württemberg GmbH
Alexanderstraße 5 
70184 Stuttgart",BIOPRO Baden-Württemberg GmbH,,Alexanderstraße 5 ,70184,Stuttgart,DE
17236,"Panama Werbeagentur GmbH
Eugensplatz 1
70184 Stuttgart",Panama Werbeagentur GmbH,,Eugensplatz 1,70184,Stuttgart,DE
17786,"Merz Schule Merz Internat gemeinnützige GmbH
Albrecht-Leo-Merz-Weg 2
70184 Stuttgart",Merz Schule Merz Internat gemeinnützige GmbH,,Albrecht-Leo-Merz-Weg 2,70184,Stuttgart,DE
17964,"Internationale Bauausstellung 2027 StadtRegion Stuttgart GmbH
Alexanderstraße 27
70184 Stuttgart",Internationale Bauausstellung 2027 StadtRegion Stuttgart GmbH,,Alexanderstraße 27,70184,Stuttgart,DE
18568,"Prof. Dr. Hans Joachim Herschlein
Am Bopserweg 24
70184 Stuttgart",Prof. Dr. Hans Joachim Herschlein,,Am Bopserweg 24,70184,Stuttgart,DE
17221,"Kran + Lift GmbH
Franz-Wachter-Str. 18
70188 Stuttgart",Kran + Lift GmbH,,Franz-Wachter-Str. 18,70188,Stuttgart,DE
17442,"Oelheld GmbH
Ulmer Straße 135-139
70188 Stuttgart",Oelheld GmbH,,Ulmer Straße 135-139,70188,Stuttgart,DE
17440,"Landesverband Baden-Württemberg für Leistungs- 
und Qualitätsprüfungen in der Tierzucht e.V.
Heinrich-Baumann Str. 1-3
70190 Stuttgart",Landesverband Baden-Württemberg für Leistungs- und Qualitätsprüfungen in der Tierzucht e.V.,,Heinrich-Baumann Str. 1-3,70190,Stuttgart,DE
18552,"Gemmacon GmbH
Stöckachstraße 11A
70190 Stuttgart",Gemmacon GmbH,,Stöckachstraße 11A,70190,Stuttgart,DE
16905,"Menold Bezler Rechtsanwälte Partnerschaft mbB
Stresemannstraße 79
70191 Stuttgart ",Menold Bezler Rechtsanwälte Partnerschaft mbB,,Stresemannstraße 79,70191,Stuttgart ,DE
16909,"P3 Automotive GmbH
Heilbronner Straße 86
70191 Stuttgart",P3 Automotive GmbH,,Heilbronner Straße 86,70191,Stuttgart,DE
17317,"Gowling WLG (UK) LLP
Heilbronner Straße 190
70191 Stuttgart",Gowling WLG (UK) LLP,,Heilbronner Straße 190,70191,Stuttgart,DE
17423,"AKAD Bildungsgesellschaft mbH
Heilbronner Str. 86
70191 Stuttgart",AKAD Bildungsgesellschaft mbH,,Heilbronner Str. 86,70191,Stuttgart,DE
17434,"Schulstiftung der Evang. Landeskirche in Württemberg
Heilbronner Str. 180
Weckherlin-Haus
70191 Stuttgart",Schulstiftung der Evang. Landeskirche in Württemberg,,Heilbronner Str. 180,70191,Stuttgart,DE
18306,"Landes-Bau-Genossenschaft Württemberg eG
Mönchstraße 32
70191 Stuttgart",Landes-Bau-Genossenschaft Württemberg eG,,Mönchstraße 32,70191,Stuttgart,DE
17350,"e|motion sports GmbH Germany
Parlerstraße 102
70192 Stuttgart",e|motion sports GmbH Germany,,Parlerstraße 102,70192,Stuttgart,DE
17190,"Baden-Württemberg: Connected e.V.
Seyfferstr. 34
70197 Stuttgart",Baden-Württemberg: Connected e.V.,,Seyfferstr. 34,70197,Stuttgart,DE
18387,"Stuttgarter Versicherung Holding AG
Rotebühlstraße 120
70197 Stuttgart",Stuttgarter Versicherung Holding AG,,Rotebühlstraße 120,70197,Stuttgart,DE
16704,"visual4 GmbH
Schreiberstraße 27
70199 Stuttgart",visual4 GmbH,,Schreiberstraße 27,70199,Stuttgart,DE
16757,"Europe 2000 Fitnesscenter GmbH
Heiligenwiesen 6
70327 Stuttgart",Europe 2000 Fitnesscenter GmbH,,Heiligenwiesen 6,70327,Stuttgart,DE
17401,"Hafen Stuttgart GmbH
Am Westkai 9A
70327 Stuttgart",Hafen Stuttgart GmbH,,Am Westkai 9A,70327,Stuttgart,DE
17415,"ARCHITEKTEN BDA: FUCHS, WACKER.
Am Westkai 9A
70327 Stuttgart","ARCHITEKTEN BDA: FUCHS, WACKER.",,Am Westkai 9A,70327,Stuttgart,DE
17015,"ERNST² ARCHITEKTEN AG
Martin-Luther-Straße 40
70372 Stuttgart",ERNST² ARCHITEKTEN AG,,Martin-Luther-Straße 40,70372,Stuttgart,DE
17256,"Geschäftsstelle Diakoniestation Stuttgart
Deckerstraße 27
70372 Stuttgart",Geschäftsstelle Diakoniestation Stuttgart,,Deckerstraße 27,70372,Stuttgart,DE
18679,"Commerce Connector GmbH
Deckerstraße 41
70372 Stuttgart",Commerce Connector GmbH,,Deckerstraße 41,70372,Stuttgart,DE
17390,"MORCHER GmbH
Kapuzinerweg 12
70374 Stuttgart",MORCHER GmbH,,Kapuzinerweg 12,70374,Stuttgart,DE
17925,"4a Architekten GmbH
Hallstraße 25
70376 Stuttgart",4a Architekten GmbH,,Hallstraße 25,70376,Stuttgart,DE
18048,"Phoenix Design GmbH + Co. KG
Kölner Straße 16
70376 Stuttgart",Phoenix Design GmbH + Co. KG,,Kölner Straße 16,70376,Stuttgart,DE
18249,"reich=weber Steuerberater PartG mbB
Rommelstraße 1
70376 Stuttgart",reich=weber Steuerberater PartG mbB,,Rommelstraße 1,70376,Stuttgart,DE
18721,"Exyte Management GmbH
Löwentorbogen 9B
70376 Stuttgart",Exyte Management GmbH,,Löwentorbogen 9B,70376,Stuttgart,DE
17367,"SPORTTOTAL EVENT GmbH
Stammheimer Str. 31
70435 Stuttgart",SPORTTOTAL EVENT GmbH,,Stammheimer Str. 31,70435,Stuttgart,DE
18411,"PCSM GmbH
Crailsheimerstraße 15
70435 Stuttgart",PCSM GmbH,,Crailsheimerstraße 15,70435,Stuttgart,DE
16198,"IT Baden-Württemberg (BITBW)
Krailenshaldenstraße 44
70469 Stuttgart",IT Baden-Württemberg (BITBW),,Krailenshaldenstraße 44,70469,Stuttgart,DE
17217,"das Mediativ AG
Leitzstraße 56
70469 Stuttgart",das Mediativ AG,,Leitzstraße 56,70469,Stuttgart,DE
17288,"Maybachklinik GmbH & Co KG
Maybachstr. 50
70469 Stuttgart",Maybachklinik GmbH & Co KG,,Maybachstr. 50,70469,Stuttgart,DE
17314,"Rath Holding GmbH
Siegelstraße 33G
70469 Stuttgart",Rath Holding GmbH,,Siegelstraße 33G,70469,Stuttgart,DE
17352,"aceArt GmbH
Sieglestraße 33
70469 Stuttgart",aceArt GmbH,,Sieglestraße 33,70469,Stuttgart,DE
17378,"FP Die Generalplaner GmbH
Stuttgarter Straße 36
70469 Stuttgart",FP Die Generalplaner GmbH,,Stuttgarter Straße 36,70469,Stuttgart,DE
17521,"Gellink + Schwämmlein Architekten 
Dipl.-Ing. (FH) Markus Schwämmlein
Hohnerstraße 23
70469 Stuttgart",Gellink + Schwämmlein Architekten ,Dipl.-Ing. (FH) Markus Schwämmlein,Hohnerstraße 23,70469,Stuttgart,DE
18291,"Value AG
Leitzstr. 56
70469 Stuttgart
",Value AG,,Leitzstr. 56,70469,Stuttgart,DE
18711,"UP Designstudio GmbH & Co. KG
Dornierstraße 17
70469 Stuttgart",UP Designstudio GmbH & Co. KG,,Dornierstraße 17,70469,Stuttgart,DE
18743,"Kaiser & Sozien Partnerschaft mbB
Sieglerstraße 33D
70469 Stuttgart",Kaiser & Sozien Partnerschaft mbB,,Sieglerstraße 33D,70469,Stuttgart,DE
16341,"Informatica GmbH
Ingersheimer Straße 10
70499 Stuttgart",Informatica GmbH,,Ingersheimer Straße 10,70499,Stuttgart,DE
17191,"GEBHARDT SOURCING SOLUTIONS AG
Friolzheimerstraße 6
70499 Stuttgart",GEBHARDT SOURCING SOLUTIONS AG,,Friolzheimerstraße 6,70499,Stuttgart,DE
17273,"Job Ambition GmbH
Mittlerer Pfad 2
70499 Stuttgart",Job Ambition GmbH,,Mittlerer Pfad 2,70499,Stuttgart,DE
17333,"Kern Mauch & Kollegen GmbH
Ingersheimer Straße 20
70499 Stuttgart",Kern Mauch & Kollegen GmbH,,Ingersheimer Straße 20,70499,Stuttgart,DE
17356,"Görtz Legal Rechtsanwaltsgesellschaft mbH
Mittlerer Pfad 19
70499 Stuttgart",Görtz Legal Rechtsanwaltsgesellschaft mbH,,Mittlerer Pfad 19,70499,Stuttgart,DE
17368,"IRM Versicherungsberatung GmbH
Mittlerer Pfad 19
70499 Stuttgart",IRM Versicherungsberatung GmbH,,Mittlerer Pfad 19,70499,Stuttgart,DE
17382,"WORKSYSTEM - Personal und Beratungsdienstleistungen GmbH
Mittlerer Pfad 4
70499 Stuttgart",WORKSYSTEM - Personal und Beratungsdienstleistungen GmbH,,Mittlerer Pfad 4,70499,Stuttgart,DE
17397,"Klinger + Partner Ing. Büro f. Bauwesen u. Umwelttechn.
Friolzheimerstr. 3
70499 Stuttgart",Klinger + Partner Ing. Büro f. Bauwesen u. Umwelttechn.,,Friolzheimerstr. 3,70499,Stuttgart,DE
17425,"nicko cruises Flussreisen GmbH
Mittlerer Pfad 2
70499 Stuttgart",nicko cruises Flussreisen GmbH,,Mittlerer Pfad 2,70499,Stuttgart,DE
17445,"SCD Architekten Ingenieure GmbH
 Friolzheimer Str  3
70499 Stuttgart",SCD Architekten Ingenieure GmbH,, Friolzheimer Str  3,70499,Stuttgart,DE
18256,"RBS wave GmbH
Mittlerer Pfad 2-4
70499 Stuttgart",RBS wave GmbH,,Mittlerer Pfad 2-4,70499,Stuttgart,DE
16978,"PITSS GmbH
Wankelstraße 3
70563 Stuttgart",PITSS GmbH,,Wankelstraße 3,70563,Stuttgart,DE
17057,"Transsolar Energietechnik GmbH
Curiestraße 2
70563 Stuttgart",Transsolar Energietechnik GmbH,,Curiestraße 2,70563,Stuttgart,DE
17072,"Insilico Biotechnology AG
Meitnerstraße 9
70563 Stuttgart",Insilico Biotechnology AG,,Meitnerstraße 9,70563,Stuttgart,DE
17093,"TimeTech GmbH
Curiestrasse 2
70563 Stuttgart",TimeTech GmbH,,Curiestrasse 2,70563,Stuttgart,DE
17096,"EGS-plan Ingenieurgesellschaft für Energie-, Gebäude- und Solartechnik mbH
Gropiusplatz 10
70563 Stuttgart","EGS-plan Ingenieurgesellschaft für Energie-, Gebäude- und Solartechnik mbH",,Gropiusplatz 10,70563,Stuttgart,DE
17118,"Empalis Consulting GmbH
Wankelstr. 14
70563 Stuttgart",Empalis Consulting GmbH,,Wankelstr. 14,70563,Stuttgart,DE
17119,"SWP-irma Software Partner GmbH
Meitnerstrasse 8
70563 Stuttgart (Vaihingen)",SWP-irma Software Partner GmbH,,Meitnerstrasse 8,70563,Stuttgart,DE
17232,"Snow Software GmbH
Meitnerstraße. 11
70563 Stuttgart",Snow Software GmbH,,Meitnerstraße. 11,70563,Stuttgart,DE
17237,"follow red GmbH
Waldburgstr. 17/19
70563 Stuttgart",follow red GmbH,,Waldburgstr. 17/19,70563,Stuttgart,DE
17247,"IWTI GmbH Institut für wirtschaftliches
und technisches Immobilienmanagement
Meitnerstraße 10
70563 Stuttgart-Vaihingen",IWTI GmbH Institut für wirtschaftliches und technisches Immobilienmanagement,,Meitnerstraße 10,70563,Stuttgart-Vaihingen,DE
17269,"wh-p GmbH Beratende Ingenieure
Curiestraße 2
70563 Stuttgart",wh-p GmbH Beratende Ingenieure,,Curiestraße 2,70563,Stuttgart,DE
17272,"Daido Metal Europe GmbH
Curiestraße 5
STEP 3
70563 Stuttgart",Daido Metal Europe GmbH,,Curiestraße 5,70563,Stuttgart,DE
17299,"SALT AND PEPPER Technology GmbH & Co.KG Niederlassung Stuttgart
Meitnerstraße 6 
70563 Stuttgart",SALT AND PEPPER Technology GmbH & Co.KG Niederlassung Stuttgart,,Meitnerstraße 6 ,70563,Stuttgart,DE
17315,"4P Consulting GmbH
Wankelstraße 3
70563 Stuttgart",4P Consulting GmbH,,Wankelstraße 3,70563,Stuttgart,DE
17385,"RICHARD BOORBERG VERLAG GmbH & Co KG
Sonja Schöchlin
Scharrstraße 2
70563 Stuttgart",RICHARD BOORBERG VERLAG GmbH & Co KG,Sonja Schöchlin,Scharrstraße 2,70563,Stuttgart,DE
17432,"Yves Rocher GmbH
Meitnerstraße 6
70563 Stuttgart",Yves Rocher GmbH,,Meitnerstraße 6,70563,Stuttgart,DE
17435,"ADJUVARIS Partnerschaft mbB
Meitnerstraße 6
70563 Stuttgart",ADJUVARIS Partnerschaft mbB,,Meitnerstraße 6,70563,Stuttgart,DE
17777,"SMART IN OVATION GmbH
STEP8.1
Meitnerstraße 10
70563 Stuttgart",SMART IN OVATION GmbH,STEP8.1,Meitnerstraße 10,70563,Stuttgart,DE
17924,"MesH Engineering GmbH
Wankelstraße 3
70563 Stuttgart-Vaihingen",MesH Engineering GmbH,,Wankelstraße 3,70563,Stuttgart,DE
17941,"Leadec Beteiligungen GmbH
Meitnerstraße 11
70563 Stuttgart",Leadec Beteiligungen GmbH,,Meitnerstraße 11,70563,Stuttgart,DE
18527,"ISP Service eG
Mezgerstraße 34
70563 Stuttgart",ISP Service eG,,Mezgerstraße 34,70563,Stuttgart,DE
18560,"DCCS GmbH
Wankelstraße 14
70563 Stuttgart
",DCCS GmbH,,Wankelstraße 14,70563,Stuttgart,DE
18595,"NewVision Consulting GmbH
Meitnerstraße 6
70563 Stuttgart",NewVision Consulting GmbH,,Meitnerstraße 6,70563,Stuttgart,DE
16398,"Stuttgarter Straßenbahnen AG
Finanzbuchhaltung ZF
Schockenriedstraße 50
70565 Stuttgart",Stuttgarter Straßenbahnen AG,Finanzbuchhaltung ZF,Schockenriedstraße 50,70565,Stuttgart,DE
16875,"Engineering System International GmbH
Liebknechtstr. 33
70565 Stuttgart
",Engineering System International GmbH,,Liebknechtstr. 33,70565,Stuttgart,DE
16935,"ESCAD DESIGN GmbH
Am Wallgraben 99
70565 Stuttgart-Vaihingen",ESCAD DESIGN GmbH,,Am Wallgraben 99,70565,Stuttgart,DE
17003,"Lapp Service GmbH
Oskar-Lapp-Straße 2
70565 Stuttgart",Lapp Service GmbH,,Oskar-Lapp-Straße 2,70565,Stuttgart,DE
17099,"DYNAmore Gesellschaft für FEM Ingenieurdienstleistungen mbH
Industriestraße 2
70565 Stuttgart",DYNAmore Gesellschaft für FEM Ingenieurdienstleistungen mbH,,Industriestraße 2,70565,Stuttgart,DE
17184,"SPECTRUM AG
Kupferstraße 36
70565 Stuttgart",SPECTRUM AG,,Kupferstraße 36,70565,Stuttgart,DE
17206,"IT.TEM GmbH
Industriestraße 4
70565 Stuttgart",IT.TEM GmbH,,Industriestraße 4,70565,Stuttgart,DE
17223,"Deutsche Zöliakie-Gesellschaft e.V.
Kupferstraße 36
70565 Stuttgart",Deutsche Zöliakie-Gesellschaft e.V.,,Kupferstraße 36,70565,Stuttgart,DE
17271,"Xllog GmbH
Breitwiesenstrasse 13
70565 Stuttgart",Xllog GmbH,,Breitwiesenstrasse 13,70565,Stuttgart,DE
17275,"Internet XS Service GmbH
Heßbrühlstraße 15
70565 Stuttgart",Internet XS Service GmbH,,Heßbrühlstraße 15,70565,Stuttgart,DE
17283,"beo Gesellschaft für Sprachen und Technologie mbH
Ruppmannstr.33
70565 Stuttgart",beo Gesellschaft für Sprachen und Technologie mbH,,Ruppmannstr.33,70565,Stuttgart,DE
17309,"Julius Bach Bauunternehmung GmbH
Schulze-Delitzsch-Straße 4-8
70565 Stuttgart",Julius Bach Bauunternehmung GmbH,,Schulze-Delitzsch-Straße 4-8,70565,Stuttgart,DE
17336,"widecare GmbH 
Breitwiesenstr. 19
70565 Stuttgart",widecare GmbH ,,Breitwiesenstr. 19,70565,Stuttgart,DE
17380,"Quimron GmbH
Schulze-Delitzsch-Straße 16
70565 Stuttgart",Quimron GmbH,,Schulze-Delitzsch-Straße 16,70565,Stuttgart,DE
17393,"HWS GmbH & Co. KG
Wirtschaftsprüfungsgesellschaft 
Steuerberatungsgesellschaft
Kupferstr. 5
70565 Stuttgart",HWS GmbH & Co. KG,,Kupferstr. 5,70565,Stuttgart,DE
17396,"Friedrich & Kensbock Rechtsanwälte Partnerschaftsgesellschaft mbB
Schulze-Delitzsch-Straße 28
70565 Stuttgart",Friedrich & Kensbock Rechtsanwälte Partnerschaftsgesellschaft mbB,,Schulze-Delitzsch-Straße 28,70565,Stuttgart,DE
17419,"Quanto Solutions GmbH
Am Wallgraben 100
70565 Stuttgart",Quanto Solutions GmbH,,Am Wallgraben 100,70565,Stuttgart,DE
17491,"SSP Consult, Beratende Ingenieure GmbH
Schockenriedstraße 8A
70565 Stuttgart","SSP Consult, Beratende Ingenieure GmbH",,Schockenriedstraße 8A,70565,Stuttgart,DE
17822,"umlaut systems GmbH
Ruppmannstr. 27
70565 Stuttgart",umlaut systems GmbH,,Ruppmannstr. 27,70565,Stuttgart,DE
17922,"circular Informationssysteme GmbH
Schulze-Delitzsch-Str. 36
70565 Stuttgart",circular Informationssysteme GmbH,,Schulze-Delitzsch-Str. 36,70565,Stuttgart,DE
17930,"InCaTec Gruppe GmbH
Schulze-Delitzsch-Straße 16
70565 Stuttgart",InCaTec Gruppe GmbH,,Schulze-Delitzsch-Straße 16,70565,Stuttgart,DE
18030,"GE&PM GmbH
Schulze-Delitzsch-Straße 38
70565 Stuttgart",GE&PM GmbH,,Schulze-Delitzsch-Straße 38,70565,Stuttgart,DE
18082,"Primestone Consulting GmbH & Co. KG
Industriestraße 4
70565 Stuttgart",Primestone Consulting GmbH & Co. KG,,Industriestraße 4,70565,Stuttgart,DE
18323,"Gustav Lauser Grundbesitz GmbH &Co KG
Schulze-Delitzschstr. 16 
70565 Stuttgart",Gustav Lauser Grundbesitz GmbH &Co KG,,Schulze-Delitzschstr. 16 ,70565,Stuttgart,DE
18445,"evia solutions GmbH
Am Wallgraben 100
70565 Stuttgart",evia solutions GmbH,,Am Wallgraben 100,70565,Stuttgart,DE
18471,"WirtschaftsTreuhand GmbH
Schulze-Delitzsch-Straße 28
70565 Stuttgart",WirtschaftsTreuhand GmbH,,Schulze-Delitzsch-Straße 28,70565,Stuttgart,DE
18513,"sidion GmbH
Heßbrühlstraße 15
70565 Stuttgart",sidion GmbH,,Heßbrühlstraße 15,70565,Stuttgart,DE
18608,"ESI Software Germany GmbH
Liebknechtstraße 33
70565 Stuttgart",ESI Software Germany GmbH,,Liebknechtstraße 33,70565,Stuttgart,DE
18655,"Flexis AG
Industriestraße 6
70565 Stuttgart",Flexis AG,,Industriestraße 6,70565,Stuttgart,DE
18664,"KV SiS BW Sicherstellungs-GmbH
Industriestraße 4
70565 Stuttgart",KV SiS BW Sicherstellungs-GmbH,,Industriestraße 4,70565,Stuttgart,DE
16335,"Karatbars International GmbH
Vaihinger Straße 149 A
70567 Stuttgart",Karatbars International GmbH,,Vaihinger Straße 149 A,70567,Stuttgart,DE
17409,"Kassenärztliche Vereinigung Baden-Württemberg
Kaufmännische Verwaltung
Vertragsnummer: ZE_30912_2017
Albstadtweg 11
70567 Stuttgart",Kassenärztliche Vereinigung Baden-Württemberg,"Kaufmännische Verwaltung
Vertragsnummer: ZE_30912_2017",Albstadtweg 11,70567,Stuttgart,DE
17494,"ACHAT Hotel Stuttgart Airport Messe
Vor dem Lauch 20
70567 Stuttgart",ACHAT Hotel Stuttgart Airport Messe,,Vor dem Lauch 20,70567,Stuttgart,DE
17814,"Kassenärztliche Vereinigung Baden-Württemberg 
ZE_70096
Albstadtweg 11
70567 Stuttgart",Kassenärztliche Vereinigung Baden-Württemberg ,ZE_70096,Albstadtweg 11,70567,Stuttgart,DE
17923,"Hauk und Sasko Ingenieurgesellschaft mbH
Eichwiesenring 11
70567 Stuttgart",Hauk und Sasko Ingenieurgesellschaft mbH,,Eichwiesenring 11,70567,Stuttgart,DE
18673,"Trustsec IT-Solutions GmbH
Sigmaringer Straße 121
70567 Stuttgart-Möhringen",Trustsec IT-Solutions GmbH,,Sigmaringer Straße 121,70567,Stuttgart,DE
18691,"ARGE Allianz Campus Stuttgart Vaihingen
Albstadtweg 5
70567 Stuttgart
",ARGE Allianz Campus Stuttgart Vaihingen,,Albstadtweg 5,70567,Stuttgart,DE
18718,"KV SiS BW Sicherstellungs-GmbH
Albstadtweg 11
70567 Stuttgart",KV SiS BW Sicherstellungs-GmbH,,Albstadtweg 11,70567,Stuttgart,DE
18726,"CODE2ORDER GmbH
Eichwiesenring 4F
70567 Stuttgart",CODE2ORDER GmbH,,Eichwiesenring 4F,70567,Stuttgart,DE
18751,"Kassenärztliche Vereinigung Baden-Württemberg
Albstadtweg 11
70567 Stuttgart",Kassenärztliche Vereinigung Baden-Württemberg,,Albstadtweg 11,70567,Stuttgart,DE
17245,"Smoltczyk & Partner GmbH
Untere Waldplätze 14
70569 Stuttgart",Smoltczyk & Partner GmbH,,Untere Waldplätze 14,70569,Stuttgart,DE
17198,"MÄDLER GmbH
Tränkestraße 6-8
70597 Stuttgart",MÄDLER GmbH,,Tränkestraße 6-8,70597,Stuttgart,DE
18449,"TELEKIM GmbH
Edisonstraße 3
70734 Fellbach",TELEKIM GmbH,,Edisonstraße 3,70734,Fellbach,DE
16900,"Norgren GmbH
Stuttgarter Straße 120
70736 Fellbach

",Norgren GmbH,,Stuttgarter Straße 120,70736,Fellbach,DE
18016,"EXAMION GmbH
Erich-Herion-Straße 37
70736 Fellbach",EXAMION GmbH,,Erich-Herion-Straße 37,70736,Fellbach,DE
18524,"SCHMALZ+SCHÖN Logistics GmbH
Ringstraße 39-41
70736 Fellbach",SCHMALZ+SCHÖN Logistics GmbH,,Ringstraße 39-41,70736,Fellbach,DE
18531,"Wi Immobilienmanagement Gmbh
Lise-Meitner-Straße 4
70736 Fellbach",Wi Immobilienmanagement Gmbh,,Lise-Meitner-Straße 4,70736,Fellbach,DE
16898,"SCHOLZE-THOST GmbH
Frau Nicole Baier
Gutenbergstr. 13
70771 Leinfelden-Echterdingen",SCHOLZE-THOST GmbH,Frau Nicole Baier,Gutenbergstr. 13,70771,Leinfelden-Echterdingen,DE
16904,"NovaTec Consulting GmbH
Bertha-Benz-Platz 1
70771 Leinfelden-Echterdingen",NovaTec Consulting GmbH,,Bertha-Benz-Platz 1,70771,Leinfelden-Echterdingen,DE
16996,"ISTEC Industrielle Software-Technik GmbH
Max-Lang-Str. 56/2
70771 Leinfelden-Echterdingen",ISTEC Industrielle Software-Technik GmbH,,Max-Lang-Str. 56/2,70771,Leinfelden-Echterdingen,DE
17035,"Dr. Rudolf Liebe Nachf. GmbH & Co. KG
Max-Lang-Straße 64
70771 Leinfelden-Echterdingen",Dr. Rudolf Liebe Nachf. GmbH & Co. KG,,Max-Lang-Straße 64,70771,Leinfelden-Echterdingen,DE
17094,"Know How! AG
Magellanstraße 1
70771 Leinfelden-Echterdingen",Know How! AG,,Magellanstraße 1,70771,Leinfelden-Echterdingen,DE
17151,"Minol Messtechnik W. Lehmann GmbH & Co. KG
Nikolaus-Otto-Straße 25
70771 Leinfelden-Echterdingen",Minol Messtechnik W. Lehmann GmbH & Co. KG,,Nikolaus-Otto-Straße 25,70771,Leinfelden-Echterdingen,DE
17302,"EUCHNER GmbH + Co. KG
Kay Hildmann
Kohlhammerstraße 16
70771 Leinfelden-Echterdingen",EUCHNER GmbH + Co. KG,Kay Hildmann,Kohlhammerstraße 16,70771,Leinfelden-Echterdingen,DE
17402,"Airdata AG
Dieselstraße 18
70771 Leinfelden-Echterdingen",Airdata AG,,Dieselstraße 18,70771,Leinfelden-Echterdingen,DE
17504,"Gesundheitszentrum Servicezentrale GmbH
Max-Eyth-Straße 13
70771 Leinfelden-Echterdingen",Gesundheitszentrum Servicezentrale GmbH,,Max-Eyth-Straße 13,70771,Leinfelden-Echterdingen,DE
17909,"Ingenieurgesellschaft Prof. Kobus und Partner GmbH
Wilhelm-Haas-Str. 6
70771 Leinfelden-Echterdingen (Oberaichen)",Ingenieurgesellschaft Prof. Kobus und Partner GmbH,,Wilhelm-Haas-Str. 6,70771,Leinfelden-Echterdingen,DE
17991,"TV.2000plus GmbH
Wilhelm-Hachtel-Straße 9
DE 70771 Leinfelden-Echterdingen/Germany",TV.2000plus GmbH,,Wilhelm-Hachtel-Straße 9,70771,Leinfelden-Echterdingen,DE
18041,"Große Kreisstadt Leinfelden-Echterdingen
Marktplatz 1
70771 Leinfelden-Echterdingen",Große Kreisstadt Leinfelden-Echterdingen,,Marktplatz 1,70771,Leinfelden-Echterdingen,DE
17164,"SATA GmbH & Co. KG
Domertalstraße 20
70806 Kornwestheim",SATA GmbH & Co. KG,,Domertalstraße 20,70806,Kornwestheim,DE
17326,"Pass GmbH
Solitudeallee 109
70806 Kornwestheim",Pass GmbH,,Solitudeallee 109,70806,Kornwestheim,DE
17341,"KURZ blumen GmbH
Kornwestheimer Str. 95
70825 Korntal-Münchingen",KURZ blumen GmbH,,Kornwestheimer Str. 95,70825,Korntal-Münchingen,DE
18257,"Endress+Hauser Conducta GmbH + Co. KG
Dieselstraße 24
70839 Gerlingen",Endress+Hauser Conducta GmbH + Co. KG,,Dieselstraße 24,70839,Gerlingen,DE
18631,"Elekonta Marek GmbH & Co. KG
Carl-Zeiss-Strasse 11
70839 Gerlingen",Elekonta Marek GmbH & Co. KG,,Carl-Zeiss-Strasse 11,70839,Gerlingen,DE
16600,"ahg Autohandelsgesellschaft mbH
Herrenberger Straße 60
71034 Böblingen",ahg Autohandelsgesellschaft mbH,,Herrenberger Straße 60,71034,Böblingen,DE
17448,"Kayten GmbH
 Otto-Lilienthal-Straße  5
71034 Böblingen",Kayten GmbH,, Otto-Lilienthal-Straße  5,71034,Böblingen,DE
17449,"TMM AG
Schickardstraße 60
71034 Böblingen",TMM AG,,Schickardstraße 60,71034,Böblingen,DE
18515,"Rechtsanwalt Andreas Gursch
Otto-Lilienthal-Str. 5
71034 Böblingen",Rechtsanwalt Andreas Gursch,,Otto-Lilienthal-Str. 5,71034,Böblingen,DE
18672,"ahg Autohandelsgesellschaft mbH
Herrenberger Straße 60
71034 Böblingen",ahg Autohandelsgesellschaft mbH,,Herrenberger Straße 60,71034,Böblingen,DE
18745,"TMM AG
Schickardstraße 60
71034 Böblingen",TMM AG,,Schickardstraße 60,71034,Böblingen,DE
16268,"Einkaufsgesellschaft für Küche und Wohnen mbH
Mollenbachstraße 2
71229 Leonberg",Einkaufsgesellschaft für Küche und Wohnen mbH,,Mollenbachstraße 2,71229,Leonberg,DE
16922,"Mörk GmbH & Co. KG
Mollenbachstraße 33-35
71229 Leonberg",Mörk GmbH & Co. KG,,Mollenbachstraße 33-35,71229,Leonberg,DE
16940,"Gustav Heess Oleochemische Erzeugnisse GmbH
Mollenbachstr. 29
71229 Leonberg",Gustav Heess Oleochemische Erzeugnisse GmbH,,Mollenbachstr. 29,71229,Leonberg,DE
17173,"SEACOM Trailer Systems GmbH
Mollenbachstrasse 14
71229 Leonberg",SEACOM Trailer Systems GmbH,,Mollenbachstrasse 14,71229,Leonberg,DE
17181,"peyer graphic GmbH
Mollenbachstraße 33-35
71229 Leonberg",peyer graphic GmbH,,Mollenbachstraße 33-35,71229,Leonberg,DE
17203,"Köhler IT Inhaber Stefan Köhler
Mollenbachstraße 14
71229 Leonberg",Köhler IT Inhaber Stefan Köhler,,Mollenbachstraße 14,71229,Leonberg,DE
17437,"schwabe-braun netzwerke GmbH
Mollenbachstr. 14
71229 Leonberg",schwabe-braun netzwerke GmbH,,Mollenbachstr. 14,71229,Leonberg,DE
17492,"Ernst Granzow GmbH & Co. KG
Hertichstraße  27
71229 Leonberg",Ernst Granzow GmbH & Co. KG,,Hertichstraße  27,71229,Leonberg,DE
17508,"Leomedia GmbH
Mollenbachstraße 19
71229 Leonberg",Leomedia GmbH,,Mollenbachstraße 19,71229,Leonberg,DE
17885,"Dr. Eilebrecht SSE GmbH & Co. KG
Mollenbachstraße 19
71229 Leonberg",Dr. Eilebrecht SSE GmbH & Co. KG,,Mollenbachstraße 19,71229,Leonberg,DE
17192,"XETICS GmbH
Dornierstr. 12
71254 Ditzingen",XETICS GmbH,,Dornierstr. 12,71254,Ditzingen,DE
16666,"d&b audiotechnik GmbH & Co. KG
Eugen-Adolff-Str. 134
71522 Backnang",d&b audiotechnik GmbH & Co. KG,,Eugen-Adolff-Str. 134,71522,Backnang,DE
17294,"Telent GmbH 
Gerberstraße 34
71522 Backnang",Telent GmbH ,,Gerberstraße 34,71522,Backnang,DE
17430,"COMPRiS GmbH Channel Management
Hoferstraße 9 B
71636 Ludwigsburg",COMPRiS GmbH Channel Management,,Hoferstraße 9 B,71636,Ludwigsburg,DE
18058,"WOLFF & MÜLLER ENERGY GMBH
Wilhelm-Bleyle-Straße 1
71636 Ludwigsburg",WOLFF & MÜLLER ENERGY GMBH,,Wilhelm-Bleyle-Straße 1,71636,Ludwigsburg,DE
18596,"mhplus Betriebskrankenkasse
Referenz: X-SDO-2020-0019 | 2020/S 167-404229
Rechnungsstelle UBIT: P071065863 
Franckstraße 8
71636 Ludwigsburg",mhplus Betriebskrankenkasse,"Referenz: X-SDO-2020-0019 | 2020/S 167-404229
Rechnungsstelle UBIT: P071065863",Franckstraße 8,71636,Ludwigsburg,DE
16944,"Evangelische Hochschule Ludwigsburg
Paulusweg 6
71638 Ludwigsburg",Evangelische Hochschule Ludwigsburg,,Paulusweg 6,71638,Ludwigsburg,DE
17426,"Landratsamt Ludwigsburg
Hindenburgstraße 40
71638 Ludwigsburg",Landratsamt Ludwigsburg,,Hindenburgstraße 40,71638,Ludwigsburg,DE
18624,"DQuadrat Living GmbH
Solitudestraße 48
71638 Ludwigsburg",DQuadrat Living GmbH,,Solitudestraße 48,71638,Ludwigsburg,DE
17162,"Geisselmann GmbH
Höpfigheimer Straße 6
71691 Freiberg a. N.",Geisselmann GmbH,,Höpfigheimer Straße 6,71691,Freiberg a. N.,DE
17115,"Reisebüro Reeg GmbH
Schellingstr. 2
72072 Tübingen",Reisebüro Reeg GmbH,,Schellingstr. 2,72072,Tübingen,DE
17071,"netcare Business Solutions GmbH
Lichtäcker 1
72149 Neustetten",netcare Business Solutions GmbH,,Lichtäcker 1,72149,Neustetten,DE
16368,"Druck- und Verlagshaus Hermann Daniel GmbH & Co. KG
Grünewaldstr. 15
72336 Balingen",Druck- und Verlagshaus Hermann Daniel GmbH & Co. KG,,Grünewaldstr. 15,72336,Balingen,DE
17108,"nds Netzwerksysteme GmbH
Carl-Zeiss-Str. 55
72555 Metzingen",nds Netzwerksysteme GmbH,,Carl-Zeiss-Str. 55,72555,Metzingen,DE
16613,"DRK KV Nürtingen-Kirchheim/Teck e.V.
Postfach 1720
72622 Nürtingen",DRK KV Nürtingen-Kirchheim/Teck e.V.,,Postfach 1720,72622,Nürtingen,DE
16622,"DRK-Seniorenzentrum Haus im Park gGmbH
Laiblinsteg 7
72622 Nürtingen ",DRK-Seniorenzentrum Haus im Park gGmbH,,Laiblinsteg 7,72622,Nürtingen ,DE
16629,"DRK Rettungsdienst Esslingen-Nürtingen gGmbH
Hohes Gestade 14
72622 Nürtingen",DRK Rettungsdienst Esslingen-Nürtingen gGmbH,,Hohes Gestade 14,72622,Nürtingen,DE
16747,"DRK-Seniorenzentrum Haus am Schönrain gGmbH
Laiblinstegstr. 7
72622 Nürtingen",DRK-Seniorenzentrum Haus am Schönrain gGmbH,,Laiblinstegstr. 7,72622,Nürtingen,DE
16764,"SELTRA Natursteinhandel GmbH
In der Au 14
72622 Nürtingen",SELTRA Natursteinhandel GmbH,,In der Au 14,72622,Nürtingen,DE
16890,"DRK Familienzentren gGmbH
Familienzentrum Nürtingen
Laiblinstegstr. 7
72622 Nürtingen",DRK Familienzentren gGmbH,Familienzentrum Nürtingen,Laiblinstegstr. 7,72622,Nürtingen,DE
17141,"DRK-Seniorenzentrum Neckarstift gGmbH
Nekartailfinger Straße 3
72622 Nürtingen-Neckarhausen",DRK-Seniorenzentrum Neckarstift gGmbH,,Neckartailfinger Straße 3,72622,Nürtingen,DE
17428,"DRK-Seniorenzentrum Fickerstift gGmbH
Laiblinstegstr. 7
72622 Nürtingen",DRK-Seniorenzentrum Fickerstift gGmbH,,Laiblinstegstr. 7,72622,Nürtingen,DE
16417,"21TORR  GmbH
Heinestrasse 72
72762 Reutlingen",21TORR GmbH,,Heinestrasse 72,72762,Reutlingen,DE
18586,"REIFF Technische Produkte GmbH
Tübinger Str. 2-6
72762 Reutlingen",REIFF Technische Produkte GmbH,,Tübinger Str. 2-6,72762,Reutlingen,DE
18725,"21TORR GmbH
Heinestrasse 72
72762 Reutlingen",21TORR GmbH,,Heinestrasse 72,72762,Reutlingen,DE
131,"Reutlinger General-Anzeiger Verlags GmbH & Co. KG
Burgstraße 1-7
72764 Reutlingen",Reutlinger General-Anzeiger Verlags GmbH & Co. KG,,Burgstraße 1-7,72764,Reutlingen,DE
16131,"Druckzentrum Neckar-Alb GmbH & Co. KG
Burgplatz 5
72764 Reutlingen",Druckzentrum Neckar-Alb GmbH & Co. KG,,Burgplatz 5,72764,Reutlingen,DE
16350,"Dr. Kroll & Partner
Pfenningstraße 2
72764 Reutlingen",Dr. Kroll & Partner,,Pfenningstraße 2,72764,Reutlingen,DE
16374,"dieWERTschöpfer GmbH
Lederstraße 126
72764 Reutlingen",dieWERTschöpfer GmbH,,Lederstraße 126,72764,Reutlingen,DE
16646,"CMO Internet Dienstleistungen GmbH
Kaiserstraße 57/1
72764 Reutlingen
",CMO Internet Dienstleistungen GmbH,,Kaiserstraße 57/1,72764,Reutlingen,DE
16939,"Stadthalle Reutlingen GmbH
Oskar-Kalbfell-Platz 8
72764 Reutlingen",Stadthalle Reutlingen GmbH,,Oskar-Kalbfell-Platz 8,72764,Reutlingen,DE
16671,"DRK-Seniorenzentren Neckar-Fils gGmbH
Hauptstr. 24/1
73110 Hattenhofen
",DRK-Seniorenzentren Neckar-Fils gGmbH,,Hauptstr. 24/1,73110,Hattenhofen,DE
16619,"DRK Seniorenzentrum Steingaustift gGmbH
Steingaustraße 26
73230 Kirchheim/Teck",DRK Seniorenzentrum Steingaustift gGmbH,,Steingaustraße 26,73230,Kirchheim unter Teck,DE
17142,"DRK-Seniorenzentrum Fickerstift gGmbH
Osianderstraße 12
73230 Kirchheim/Teck",DRK-Seniorenzentrum Fickerstift gGmbH,,Osianderstraße 12,73230,Kirchheim unter Teck,DE
17143,"DRK-Seniorenzentrum Steingaustift gGmbH
Steingaustraße 26
73230 Kircheim/Teck",DRK-Seniorenzentrum Steingaustift gGmbH,,Steingaustraße 26,73230,Kirchheim unter Teck,DE
17429,"DRK-Seniorenzentrum Steingaustift gGmbH
Steingaustr. 26
73230 Kirchheim unter Teck",DRK-Seniorenzentrum Steingaustift gGmbH,,Steingaustr. 26,73230,Kirchheim unter Teck,DE
18283,"DRK-Seniorenzentrum Kalixtenberg gGmbH
Kalixtenbergstraße 28
73235 Weilheim an der Teck",DRK-Seniorenzentrum Kalixtenberg gGmbH,,Kalixtenbergstraße 28,73235,Weilheim an der Teck,DE
16687,"DRK- Seniorenzentrum Haus im Park gGmbH
Weberstr.1
73240 Wendlingen
",DRK- Seniorenzentrum Haus im Park gGmbH,,Weberstr.1,73240,Wendlingen,DE
16713,"scireum GmbH
Eisenbahnstraße 24
73630 Remshalden",scireum GmbH,,Eisenbahnstraße 24,73630,Remshalden,DE
17790,"Privileg Finanz Concept GmbH
Schillerstrasse 11
73728 Esslingen",Privileg Finanz Concept GmbH,,Schillerstrasse 11,73728,Esslingen am Neckar,DE
17327,"Hemminger Ingenieurbüro GmbH&co.KG
Röntgenstraße 1/1
73730 Esslingen",Hemminger Ingenieurbüro GmbH&co.KG,,Röntgenstraße 1/1,73730,Esslingen am Neckar,DE
17343,"PROMESS GmbH
Röntgenstraße 1/1
73730 Esslingen",PROMESS GmbH,,Röntgenstraße 1/1,73730,Esslingen am Neckar,DE
17344,"Langheck + Co KG
Ulmer Straße 34
73730 Esslingen",Langheck + Co KG,,Ulmer Straße 34,73730,Esslingen am Neckar,DE
17974,"Süddeutsche Zeitungszentrale GmbH & Co. KG
Dornierstraße 40
73730 Esslingen",Süddeutsche Zeitungszentrale GmbH & Co. KG,,Dornierstraße 40,73730,Esslingen am Neckar,DE
17522,"GL-Abbruch GmbH
Klosterallee 26
73733 Esslingen am Neckar",GL-Abbruch GmbH,,Klosterallee 26,73733,Esslingen am Neckar,DE
17417,"Vink König Deutschland GmbH
- Herzog Plastic -
Niederlassung Esslingen
Dieselstraße 52 
73734 Esslingen
",Vink König Deutschland GmbH,"- Herzog Plastic -
Niederlassung Esslingen",Dieselstraße 52 ,73734,Esslingen am Neckar,DE
17075,"Pilz GmbH & Co. KG
Felix-Wankel-Straße 2
73760 Ostfildern",Pilz GmbH & Co. KG,,Felix-Wankel-Straße 2,73760,Ostfildern,DE
17218,"Elektror airsystems gmbh
Hellmuth-Hirth-Str. 2
73760 Ostfildern",Elektror airsystems gmbh,,Hellmuth-Hirth-Str. 2,73760,Ostfildern,DE
18007,"ENGIE Deutschland GmbH
Bereich 1405
74071 Heilbronn
",ENGIE Deutschland GmbH,,Bereich 1405,74071,Heilbronn,DE
16679,"Autohaus Heermann - Rhein GmbH
Neckarsulmer Str. 26
74076 Heilbronn ",Autohaus Heermann - Rhein GmbH,,Neckarsulmer Str. 26,74076,Heilbronn ,DE
16971,"Caritasverband e.V. Pforzheim
Blumenhof 6
75175 Pforzheim",Caritasverband e.V. Pforzheim,,Blumenhof 6,75175,Pforzheim,DE
16363,"Sparkassen Informationstechnologie GmbH & Co. KG
Marktstr. 7-11
75365 Calw
",Sparkassen Informationstechnologie GmbH & Co. KG,,Marktstr. 7-11,75365,Calw,DE
17323,"S-IT Informationstechnologie Betreiber GmbH & Co KG
Marktstraße 7-11
75365 Calw",S-IT Informationstechnologie Betreiber GmbH & Co KG,,Marktstraße 7-11,75365,Calw,DE
17239,"COMback GmbH
Jägerhaus / CITA
75394 Oberreichenbach",COMback GmbH,,Jägerhaus / CITA,75394,Oberreichenbach,DE
17338,"andrena objects ag
Albert-Nestler-Straße 9
76131 Karlsruhe",andrena objects ag,,Albert-Nestler-Straße 9,76131,Karlsruhe,DE
16932,"LS Medizin Service GmbH
Otto Hahn-Straße 18
76275 Ettlingen",LS Medizin Service GmbH,,Otto Hahn-Straße 18,76275,Ettlingen,DE
17889,"MRK Media AG
Herzog-Rudolf-Straße 1
80539 München",MRK Media AG,,Herzog-Rudolf-Straße 1,80539,München,DE
18695,"Bayerisches Landeskriminalamt Abteilung 3 SG 313
Maillingerstraße 15
80636 München",Bayerisches Landeskriminalamt Abteilung 3 SG 313,,Maillingerstraße 15,80636,München,DE
17268,"RISE FX South GmbH
Infanteriestr. 11a
80797 München",RISE FX South GmbH,,Infanteriestr. 11a,80797,München,DE
17345,"Banovo GmbH
Balanstr. 73 - Haus 35
81541 München",Banovo GmbH,,Balanstr. 73 - Haus 35,81541,München,DE
18647,"SkyFive AG
Willy-Messerschmitt-Straße 1
82024 Taufkirchen",SkyFive AG,,Willy-Messerschmitt-Straße 1,82024,Taufkirchen,DE
18587,"GIEAG Projekt 290 GmbH
Bahnhofstraße 43
82041 Deisenhofen-Oberhaching",GIEAG Projekt 290 GmbH,,Bahnhofstraße 43,82041,Deisenhofen-Oberhaching,DE
16677,"Autohaus Josef Bauer GmbH
Bahnhofstr. 43
84494 Neumarkt-St. Veit",Autohaus Josef Bauer GmbH,,Bahnhofstr. 43,84494,Neumarkt-St. Veit,DE
18750,"CDH AG
Despag-Straße 3
85055 Ingolstadt",CDH AG,,Despag-Straße 3,85055,Ingolstadt,DE
16672,"Spaett GmbH & Co.KG
Rudolf-Diesel-Str. 3
85356 Freising
Deutschland ",Spaett GmbH & Co.KG,,Rudolf-Diesel-Str. 3,85356,Freising,DE
16595,"Autohaus Richard Wagner GmbH
Münchner Straße 80
85614 Kirchseeon",Autohaus Richard Wagner GmbH,,Münchner Straße 80,85614,Kirchseeon,DE
16234,"Technische Universitaet Muenchen / I8
Chair for Network Architectures and Services Department of Computer Science / I8
Prof. Dr.-Ing. Georg Carle
Boltzmannstr. 3
85748 Garching b. Muenchen",Technische Universitaet Muenchen / I8,"Chair for Network Architectures and Services Department of Computer Science / I8
Prof. Dr.-Ing. Georg Carle",Boltzmannstr. 3,85748,Garching b. Muenchen,DE
18251,"WEG 110 Mönchstr. 11+15
70191 Stuttgart
AZ: 110 - 14634
c/o Eduard Oberfrank Unternehmens- und
Liegenschaftsberatung GmbH
Affinger Str. 1
86167 Augsburg",WEG 110 Mönchstr. 11+15,"70191 Stuttgart
AZ: 110 - 14634
c/o Eduard Oberfrank Unternehmens- und
Liegenschaftsberatung GmbH",Affinger Str. 1,86167,Augsburg,DE
18046,"Gutermann Technology GmbH
Gottlieb Daimler Strasse 10
D-88214 Ravensburg
",Gutermann Technology GmbH,,Gottlieb Daimler Strasse 10,88214,Ravensburg,DE
17259,"CHG-MERIDIAN AG
Franz-Beer-Straße 111
88250 Weingarten",CHG-MERIDIAN AG,,Franz-Beer-Straße 111,88250,Weingarten,DE
17322,"TESTFIRMÄ
Hanse liese Müller str. 17
88255 Baienfurt",TESTFIRMÄ,,Hanse liese Müller str. 17,88255,Baienfurt,DE
17170,"Daimler TSS GmbH
Wilhelm-Runge-Straße 11
89081 Ulm",Daimler TSS GmbH,,Wilhelm-Runge-Straße 11,89081,Ulm,DE
18468,"evia consulting GmbH
Ingeborg-Bachmann-Straße 73
89134 Blaustein",evia consulting GmbH,,Ingeborg-Bachmann-Straße 73,89134,Blaustein,DE
18385,"Ingeus GmbH
Bahnhofstraße 11 b
90402 Nürnberg",Ingeus GmbH,,Bahnhofstraße 11 b,90402,Nürnberg,DE
16285,"Habicht + Sporer GmbH
Laufamholzstr. 116
90482 Nürnberg",Habicht + Sporer GmbH,,Laufamholzstr. 116,90482,Nürnberg,DE
18356,"OAC Analytics GmbH
Georg-Mayer-Straße 7
91154 Roth",OAC Analytics GmbH,,Georg-Mayer-Straße 7,91154,Roth,DE
16788,"Küchenvertrieb Scharf GmbH
Lange Mähder 2
91589 Aurach",Küchenvertrieb Scharf GmbH,,Lange Mähder 2,91589,Aurach,DE
16953,"J.B. Lell GmbH & Co.KG
Vilstalstrasse 27+29
92245 Kümmersbruck",J.B. Lell GmbH & Co.KG,,Vilstalstrasse 27+29,92245,Kümmersbruck,DE
17988,"Autohaus J. B. Lell
Industriestr. 20
92421 Schwandorf",Autohaus J. B. Lell,,Industriestr. 20,92421,Schwandorf,DE
17987,"BMW Autohaus J.B. LELL GmbH & Co. KG Weiden
Zur Centralwerkstätte 5
92637 Weiden in der Oberpfalz",BMW Autohaus J.B. LELL GmbH & Co. KG Weiden,,Zur Centralwerkstätte 5,92637,Weiden in der Oberpfalz,DE
16609,"Autohaus Lell GmbH 
Regensburger Str. 56
93133 Burglengenfeld",Autohaus Lell GmbH ,,Regensburger Str. 56,93133,Burglengenfeld,DE
16902,"Lackier- und Karosseriecenter Maxhütte GmbH
Gruber-Sperl-Straße 3
93142 Maxhütte-Haidhof",Lackier- und Karosseriecenter Maxhütte GmbH,,Gruber-Sperl-Straße 3,93142,Maxhütte-Haidhof,DE
16590,"Rhein Hochfranken
Niederlassung der Autohaus Heermann und Rhein GmbH
Schneebergstr. 5
95032 Hof",Rhein Hochfranken Niederlassung der Autohaus Heermann und Rhein GmbH,,Schneebergstr. 5,95032,Hof,DE
17017,"Autohaus J.B. Lell GmbH
Luisenburgstraße 45
95632 Wunsiedel",Autohaus J.B. Lell GmbH,,Luisenburgstraße 45,95632,Wunsiedel,DE
18710,"Autohaus J.B. LELL GmbH 
Luisenburgstraße 45
95632 Wunsiedel",Autohaus J.B. LELL GmbH ,,Luisenburgstraße 45,95632,Wunsiedel,DE
17441,"Dr. Scheider Kunststoffwerke GmbH 
Lindenstraße 10-12
96317 Kronach-Neuses",Dr. Scheider Kunststoffwerke GmbH ,,Lindenstraße 10-12,96317,Kronach-Neuses,DE
17102,"ALTEN GmbH
Rosenauer Straße 27
96450 Coburg",ALTEN GmbH,,Rosenauer Straße 27,96450,Coburg,DE
16903,"Bavarian Motor Cars GmbH
Louis-Pasteur-Straße 14
97076 Würzburg",Bavarian Motor Cars GmbH,,Louis-Pasteur-Straße 14,97076,Würzburg,DE
17354,"FIS Informationssysteme und Consulting GmbH 
Röthleiner Weg 1 
97506 Grafenrheinfeld 
",FIS Informationssysteme und Consulting GmbH ,,Röthleiner Weg 1 ,97506,Grafenrheinfeld ,DE
17060,"Seifert Automobile GmbH
Industriestraße 10
97616 Bad Neustadt a.d.Saale",Seifert Automobile GmbH,,Industriestraße 10,97616,Bad Neustadt a.d.Saale,DE
